{
  "prefix": "&",
  "status": "idle",
  "nitrosniper": false,
  "nitrourl": "",
  "langue": "fr",
  "time": 0,
  "noaddgrp": false,
  "noaddgrptext": "",
  "voiceconnect": "",
  "voicemute": false,
  "voicedeaf": false,
  "voicewebcam": true,
  "voicestream": false,
  "twitch": "https://twitch.tv/Nerjrjen",
  "rpconoff": false,
  "rpctitle": "Prv SB",
  "rpcdetails": "",
  "rpcstate": "⛧",
  "rpctype": "COMPETING",
  "rpclargeimage": "https://cdn.discordapp.com/attachments/1142554049284157471/1150360905037660190/IMG_5306.jpg",
  "rpclargeimagetext": "",
  "rpcsmallimage": "",
  "rpcsmallimagetext": "",
  "appid": "1052392215235792946",
  "buttontext1": "", 
  "buttonlink1": "",
  "buttontext2": "",
  "buttonlink2": "",
  "spotifyonoff": "off",
  "spotifylargeimage": "",
  "spotifysmallimage": "",
  "spotifystates": "",
  "spotifyalbum": "",
  "spotifydetails": "",
  "spotifyendtimestamp": null,
  "rainbowrole": [],
  "rpctime": null,
  "rpcminparty": 0,
  "rpcmaxparty": 0,
  "webhooklogs": "",
  "aboutme": null,
  "hype":null,
  "rpctextstatus": null,
  "rpcemoji": null
}